"latitude","Tmin","Tavg","Tmax"
83.5833333333333,-14.841612423936,-7.37420442128569,1.62775280459286
83.4166666666667,-26.4211658394855,-13.4602682180855,2.08641477771427
83.25,-29.4081175918579,-15.1202719464696,1.563898465693
83.0833333333333,-30.9687953876688,-15.6574279927285,2.60184966847102
82.9166666666667,-30.8958125378303,-15.7191870919383,2.59742420490669
82.75,-31.7962354873935,-16.2223141962983,2.59434646340615
82.5833333333333,-33.633039795498,-17.3904994228369,1.68318984248126
82.4166666666667,-33.2741536163702,-17.4716251918521,1.00831677433225
82.25,-33.8840958074882,-17.7553975402606,1.15047501137603
82.0833333333333,-33.6079565943504,-17.4624660617352,1.88250990991946
81.9166666666667,-34.1435514111253,-17.7179140366508,1.90657569266159
81.75,-34.6998469164019,-17.9035840115666,2.2231677671719
81.5833333333333,-34.4882518061913,-17.8283975685463,2.12139828512821
81.4166666666667,-34.7097692305944,-17.981862396243,2.09253621492214
81.25,-32.4927142023816,-16.8799828470127,1.76036250284901
81.0833333333333,-33.2722449599109,-17.4349233646836,1.30264948146231
80.9166666666667,-33.8403841378967,-17.8371842715594,0.870493530825659
80.75,-33.4642972379779,-17.6590514004076,0.726492139680482
80.5833333333333,-33.0698987039617,-17.5015903091302,0.684103419299569
80.4166666666667,-33.2643427905199,-17.6596312701591,0.481789275003295
80.25,-33.0373549887247,-17.394309776775,0.698581943190392
80.0833333333333,-33.4972737297052,-17.5838491531039,0.745097056798929
79.9166666666667,-35.3556968338395,-18.6216728941412,0.825403067279503
79.75,-35.1019623790181,-18.4647042671229,0.76998212921408
79.5833333333333,-35.3498092240925,-18.7406726756847,0.530093011291357
79.4166666666667,-35.584357102712,-18.8257937871422,0.687758859521082
79.25,-35.9120785424793,-19.1080392712816,0.55389257051493
79.0833333333333,-35.988031768463,-19.0581596241386,0.764259106651749
78.9166666666667,-35.7801076098756,-19.046084339124,0.391525182508297
78.75,-36.0631581504873,-19.1531482047428,0.518964768269009
78.5833333333333,-36.2672163085684,-19.2430996006903,0.616343900717584
78.4166666666667,-36.4826934397721,-19.3576703594689,0.596653697104389
78.25,-36.3986603076083,-19.2801385655128,0.481766072774776
78.0833333333333,-36.0182805960368,-19.3038030637682,-0.126952684004128
77.9166666666667,-35.9590084202962,-19.2387813668581,-0.0372411893306724
77.75,-35.3820919608697,-18.9284176717295,-0.00826921182306251
77.5833333333333,-35.0269157208603,-18.5953030778755,0.183120305406748
77.4166666666667,-35.8153208482613,-18.9339548574043,0.369928296738603
77.25,-35.6983861179078,-18.983774861325,0.140754052802148
77.0833333333333,-35.9130566458026,-19.0758203603113,0.105716537661895
76.9166666666667,-36.2302416100431,-19.1032002927198,0.357552497220267
76.75,-35.9729027701206,-18.6314560145005,1.00959572591132
76.5833333333333,-35.886837983587,-18.4208121248843,1.42766453159801
76.4166666666667,-35.8844983241401,-18.2766864211162,1.73213609240272
76.25,-35.3796880471555,-17.9218376601707,1.81085349587559
76.0833333333333,-34.9856427195687,-17.6779600520812,1.8835374667608
75.9166666666667,-35.2198363551973,-17.9317366879069,1.77386653304135
75.75,-35.4490028310156,-18.0134994644871,1.9246259775146
75.5833333333333,-35.5323372782999,-17.9330184369248,2.30428511816255
75.4166666666667,-35.5546086016863,-17.8887491705206,2.45519513367061
75.25,-35.2794788408748,-17.6671929680026,2.63365411415937
75.0833333333333,-34.9651394607328,-17.3670260222468,2.79482732267773
74.9166666666667,-35.0716707695328,-17.4352236464063,2.71742541764748
74.75,-34.731104086171,-17.3317477600214,2.62853984618317
74.5833333333333,-34.3100787240106,-17.0059671524813,2.856032331265
74.4166666666667,-33.9906925365064,-16.8961941723348,2.82305403787062
74.25,-34.2808389821982,-17.0271347603941,2.97123316514665
74.0833333333333,-34.4475312592674,-16.8181444346419,3.59794553396665
73.9166666666667,-34.3139197193493,-16.6332798880854,3.86334252307361
73.75,-34.4521454809556,-16.360850650313,4.65078118308079
73.5833333333333,-34.58902488995,-16.0554528679014,5.41967574328246
73.4166666666667,-34.5475363660979,-15.9126198295314,5.687545199746
73.25,-34.755399507025,-15.9156050206211,5.95675634378771
73.0833333333333,-34.8407717025358,-15.7695907182265,6.4253419874589
72.9166666666667,-34.7501011464842,-15.5050200127556,6.94009746749831
72.75,-34.6138584072463,-15.2865247099656,7.26363025039686
72.5833333333333,-34.6980338731258,-15.2565036052788,7.47655430224409
72.4166666666667,-34.8507747916288,-15.1743921591789,7.8177989702022
72.25,-34.8455037842319,-15.0805213685943,8.02083378903644
72.0833333333333,-34.4951274260441,-14.8049793453865,8.22547141127036
71.9166666666667,-34.5319997809295,-14.6857377815531,8.5182423342485
71.75,-34.3559973904344,-14.4223869677179,8.88762458215971
71.5833333333333,-34.5232192379946,-14.3120339993337,9.22564249796018
71.4166666666667,-34.6388731081138,-14.2566532843776,9.43748644372693
71.25,-34.631845124043,-14.1472549360432,9.69384413546634
71.0833333333333,-34.1259664920751,-13.7488084776465,9.98546294186613
70.9166666666667,-33.8261919189227,-13.4347364056449,10.3125058109153
70.75,-33.7936550632957,-13.2237464698469,10.7526267856413
70.5833333333333,-33.8603467482297,-13.101274257939,11.1104822523772
70.4166666666667,-33.7333489919582,-12.9375309844978,11.3478989089748
70.25,-33.5191110629425,-12.7554257240219,11.5441225842519
70.0833333333333,-33.4288262509531,-12.6411822339097,11.7106374333215
69.9166666666667,-33.278737122262,-12.4854403814207,11.8935648339634
69.75,-33.0741514335185,-12.2259481755737,12.1794536041935
69.5833333333333,-33.0049326337161,-12.0906926599996,12.4545262443023
69.4166666666667,-32.8652356560697,-11.8836398993355,12.7921542615476
69.25,-32.6082600699423,-11.6551567645542,13.0110493297327
69.0833333333333,-32.568364429666,-11.5028295091609,13.2850983148613
68.9166666666667,-32.341349664174,-11.2197255459475,13.5998901135017
68.75,-32.1744044059549,-10.9801432675961,13.907052083087
68.5833333333333,-31.7969911470869,-10.6719969026031,14.1492873917705
68.4166666666667,-31.5287588316043,-10.4254615232972,14.3635524496943
68.25,-31.3134545664563,-10.2416101045859,14.5084641246636
68.0833333333333,-31.4902133583148,-10.1595800011115,14.9192651601982
67.9166666666667,-31.6702343455254,-10.0553271896552,15.2979697261906
67.75,-31.7831372565874,-10.0081706678984,15.6026678539427
67.5833333333333,-31.8476568201606,-9.91741351176987,15.8726499553599
67.4166666666667,-31.8226758025167,-9.80394676259483,16.0463356949433
67.25,-31.8360413680768,-9.66613199952108,16.2973197848641
67.0833333333333,-31.7602758681922,-9.46081459413182,16.5758881751509
66.9166666666667,-31.6204998927447,-9.26038133510032,16.7857682374875
66.75,-31.4179494935943,-9.05050332507771,16.9730273586619
66.5833333333333,-31.1637522788929,-8.86563008716977,17.0457681460743
66.4166666666667,-30.7714177599043,-8.58621642261566,17.1399479698333
66.25,-30.502225702256,-8.40980567972222,17.1571860626044
66.0833333333333,-30.1473168956516,-8.19536808713979,17.223753769667
65.9166666666667,-30.1543205155192,-8.08871940159028,17.421271051209
65.75,-29.8877946426152,-7.87788452013619,17.5388460741019
65.5833333333333,-29.6744719810864,-7.71373944558712,17.6545587698005
65.4166666666667,-29.8753139326198,-7.7374225489204,17.8085923471204
65.25,-30.0231592066389,-7.72912843777197,17.9806885511033
65.0833333333333,-29.7409374096083,-7.53769692760003,18.0226935409528
64.9166666666667,-29.5429467225736,-7.38643504359264,18.083513996067
64.75,-29.5449779490987,-7.3103293994851,18.1823610782718
64.5833333333333,-29.6434074987472,-7.2772936721559,18.2828534214068
64.4166666666667,-29.5182405669966,-7.11454243640011,18.4223711796025
64.25,-29.5254757096991,-6.97204783102761,18.6082574223256
64.0833333333333,-29.4992299394938,-6.80913394534463,18.8162057461627
63.9166666666667,-29.2230143598081,-6.57060882668056,18.9526403007431
63.75,-29.0762492983261,-6.43734524757096,18.9998264281398
63.5833333333333,-29.0407595087872,-6.37889682389093,19.0200082183563
63.4166666666667,-28.773393362733,-6.15364948470438,19.1581352802107
63.25,-28.7817475277837,-6.09180972415541,19.2572989339754
63.0833333333333,-28.6284109416381,-5.93618625875016,19.3452710942696
62.9166666666667,-28.4938004525191,-5.76975515979032,19.4309534866396
62.75,-28.3279573427264,-5.60991314739877,19.5289861824814
62.5833333333333,-28.1237228758317,-5.4970155542226,19.4554391455181
62.4166666666667,-27.781591234922,-5.30108970172751,19.462454579339
62.25,-27.4903596209176,-5.18876961612697,19.3538574420025
62.0833333333333,-27.2449285254858,-5.03361256886635,19.3922877825954
61.9166666666667,-26.9935887897857,-4.8287532736072,19.4944306546852
61.75,-26.7197347380633,-4.6587315750983,19.4976282229059
61.5833333333333,-26.5080092101794,-4.47726737092305,19.6091334568306
61.4166666666667,-26.2759365788247,-4.28307784890295,19.7018605804829
61.25,-25.9475759837938,-4.03664603194451,19.815345439412
61.0833333333333,-25.6605317295838,-3.83907174078098,19.8447025845374
60.9166666666667,-25.3795103939947,-3.63426343666163,19.8962351612762
60.75,-25.0363521765496,-3.41480411740447,19.9201279405357
60.5833333333333,-24.6848514442867,-3.17142778393299,19.9775924239875
60.4166666666667,-24.2395262531885,-2.83578433790795,20.0827667817821
60.25,-24.1195199350051,-2.69303908144395,20.1625692215046
60.0833333333333,-23.9797978956649,-2.50340745250242,20.3354866983551
59.9166666666667,-23.7167585284103,-2.34174061864578,20.4511365159306
59.75,-24.0649305534315,-2.34753433976892,20.6928316417113
59.5833333333333,-24.0866526009571,-2.27645720459624,20.8460049455345
59.4166666666667,-23.6243837418892,-2.0385330665256,20.8344794554993
59.25,-23.3234146272586,-1.8562876154198,20.8697979550966
59.0833333333333,-23.0382602766671,-1.69809946098963,20.8704126912651
58.9166666666667,-23.1041181077919,-1.61258226295981,21.0617925808612
58.75,-23.3156756094468,-1.61355550163028,21.1904130437795
58.5833333333333,-22.9703088106911,-1.4507890571712,21.1269418425743
58.4166666666667,-22.9707380689463,-1.40869570152606,21.2159594707222
58.25,-22.9110149413204,-1.37648974544923,21.2120052546213
58.0833333333333,-23.0649817205733,-1.43491109639182,21.2160417604325
57.9166666666667,-22.964374660464,-1.40038825859507,21.1390970502351
57.75,-22.648808338065,-1.26752167346441,21.0820997499048
57.5833333333333,-22.2425998271384,-1.12389333530806,20.9403262393885
57.4166666666667,-22.1908689247289,-1.06701058809233,20.9594355598522
57.25,-22.0511295915757,-1.00658471637234,20.9385012095092
57.0833333333333,-21.9818641699693,-0.950323562483737,20.976735370972
56.9166666666667,-21.9752263926954,-0.928096449738358,20.9573066021369
56.75,-21.9734994501119,-0.886856735496755,21.0209301559293
56.5833333333333,-21.7218533123542,-0.753387928449296,21.004722349255
56.4166666666667,-21.7746697928714,-0.716161708383058,21.0383241111881
56.25,-21.7253290449262,-0.632933988756431,21.1048256482535
56.0833333333333,-21.7138505392479,-0.574472791064446,21.1826625130429
55.9166666666667,-21.494534527349,-0.45154269948372,21.1546506093457
55.75,-21.3912993735508,-0.378070836502995,21.1903603905371
55.5833333333333,-21.3894219804694,-0.278066912838388,21.3311382381395
55.4166666666667,-21.3675210738592,-0.199128880614245,21.3905154037945
55.25,-21.1516437792418,-0.0795783141242675,21.3373467010778
55.0833333333333,-21.0539178627765,0.0068155378152299,21.3485601012364
54.9166666666667,-20.8327834590848,0.115469098200324,21.3215255856421
54.75,-20.8091528690366,0.172673329254108,21.3971074090186
54.5833333333333,-21.0176634200263,0.182402001244579,21.5644538944674
54.4166666666667,-20.9180398839361,0.326812829292403,21.7119111084357
54.25,-20.6073269200392,0.525158103617757,21.7718324816024
54.0833333333333,-20.327316097682,0.686793310525836,21.8257377207734
53.9166666666667,-20.3495369105082,0.725445827180678,21.8934415181478
53.75,-20.2479091167806,0.868006523698701,22.0104200056724
53.5833333333333,-20.1971364881206,0.931224518155108,22.0637722164949
53.4166666666667,-20.016521967183,1.06407732354489,22.1325357292892
53.25,-20.0100881859188,1.12964419453803,22.2378970948355
53.0833333333333,-20.0758264672652,1.17207434259509,22.3534523449548
52.9166666666667,-19.8036218695874,1.27968474735049,22.3250053534128
52.75,-19.7610789920175,1.33689837964822,22.3975030658179
52.5833333333333,-19.855693776166,1.37051110527972,22.549416983163
52.4166666666667,-19.7728037861966,1.44179976490732,22.6065579660728
52.25,-19.6925373359623,1.52043129344979,22.6799689614086
52.0833333333333,-19.4365316781144,1.6188839348841,22.6210196866122
51.9166666666667,-19.4946361609075,1.58053084312694,22.5912340059768
51.75,-19.6639932943135,1.63907475151836,22.8151075266943
51.5833333333333,-19.7909207201674,1.68905496428598,22.9775043024946
51.4166666666667,-19.9888352913584,1.67780770721689,23.1311505086494
51.25,-19.9670164613777,1.73251655049288,23.2118688945363
51.0833333333333,-19.8206492299278,1.81037001998958,23.2432781449705
50.9166666666667,-19.5738427410734,1.91951922398371,23.2100791402138
50.75,-19.453955086842,2.02597857013507,23.2845930695263
50.5833333333333,-19.6433343060522,2.04009908914499,23.4622242112219
50.4166666666667,-19.6868504486485,2.08693975363317,23.5918063197154
50.25,-19.4704832765274,2.23684104329571,23.6898794514792
50.0833333333333,-19.4596948010539,2.36149815177508,23.9749739778558
49.9166666666667,-19.342990698188,2.49010240531678,24.1381163367121
49.75,-19.086892484921,2.63467938945147,24.205174574529
49.5833333333333,-18.8637987878351,2.75220790153018,24.2505987790043
49.4166666666667,-18.578675406197,2.93007540262544,24.3439577357976
49.25,-18.482531221687,3.05676491235874,24.4881781494487
49.0833333333333,-18.3670549524542,3.14495560146231,24.6004352102536
48.9166666666667,-18.1427624100101,3.26307780303182,24.6587712362995
48.75,-17.9343464421854,3.44697953026513,24.8409784248148
48.5833333333333,-17.5954945344609,3.67474466038138,24.9973643817008
48.4166666666667,-17.3398493111136,3.87198360787929,25.1977282040556
48.25,-17.145864787716,4.03693085136454,25.4020432898595
48.0833333333333,-16.8126265109813,4.23355730651723,25.5038228943769
47.9166666666667,-16.6220266888159,4.39897512766829,25.6717856720043
47.75,-16.3570598666673,4.56238778570772,25.7670998715755
47.5833333333333,-16.1900638620911,4.65814763222999,25.8234294243039
47.4166666666667,-16.0813640736181,4.72039907225992,25.9073088874603
47.25,-15.9919123434114,4.75459545010712,25.9141861317809
47.0833333333333,-15.9715620160876,4.7570903772703,25.9056283536232
46.9166666666667,-15.7814582845372,4.91404194996673,26.0391689591959
46.75,-15.6247631265418,5.12689918696146,26.2848938090544
46.5833333333333,-15.5435040073984,5.25526963163406,26.4297959991836
46.4166666666667,-15.4280672177537,5.4133723113145,26.6048024618616
46.25,-15.1722410663673,5.7014834239544,26.9299540996946
46.0833333333333,-14.9492834998353,5.91252248232432,27.1247744140435
45.9166666666667,-14.7188158471334,6.09120490808718,27.2561606071658
45.75,-14.4067415323239,6.28519894326595,27.374135313721
45.5833333333333,-14.2565738276112,6.34042426698002,27.3455413390767
45.4166666666667,-13.9596141482378,6.47666003477664,27.3524561293615
45.25,-13.8148592642794,6.53494995553893,27.3656567986356
45.0833333333333,-13.6148582013443,6.75704674569132,27.6366870114298
44.9166666666667,-13.5980176792289,6.89530036108585,27.8693273768225
44.75,-13.5013149060681,7.01379610238841,28.0153907140096
44.5833333333333,-13.418522160929,7.07022366120818,28.0508448327222
44.4166666666667,-13.2146076787191,7.17493855685608,28.0892021225964
44.25,-13.1794309707246,7.21642062936459,28.1278559239365
44.0833333333333,-13.0115028255808,7.2602574093187,28.0453189168536
43.9166666666667,-12.6988239152024,7.38542037518051,28.0105156196512
43.75,-12.4189637109408,7.44862293052683,27.887974888248
43.5833333333333,-11.9656169796757,7.56464422306309,27.7467527071348
43.4166666666667,-11.4822179562077,7.69877746846002,27.5920445406627
43.25,-11.5414017996698,7.69065783522383,27.6359636643859
43.0833333333333,-11.5108717254031,7.7058695337779,27.6649536510471
42.9166666666667,-11.578371425257,7.66304522813938,27.659034247776
42.75,-11.444831045124,7.70584462294504,27.6780413123679
42.5833333333333,-11.4947273644918,7.64662087212677,27.6629354487838
42.4166666666667,-11.2936567926117,7.78366881935627,27.7734317018436
42.25,-11.2661070708623,7.84772913857621,27.8586960468348
42.0833333333333,-11.1400171272946,7.96900411349408,27.9555006622117
41.9166666666667,-10.8947385848423,8.21190807745167,28.1683045321371
41.75,-10.7120120883705,8.42538820134796,28.3776221512835
41.5833333333333,-10.4797378651893,8.71025634043898,28.7206327779805
41.4166666666667,-10.1115514514182,8.98850654476047,28.8864673133123
41.25,-9.79381945079187,9.20933357546629,28.992111721383
41.0833333333333,-9.39423178148318,9.435608909201,29.0594652347672
40.9166666666667,-9.15731208272452,9.62006024041453,29.2015477371216
40.75,-9.20359797858061,9.67964102586991,29.4036529809377
40.5833333333333,-9.15484034363898,9.78769356071217,29.6017772430492
40.4166666666667,-9.02774048547922,10.0229516132485,29.9533586265477
40.25,-8.83638492718679,10.2945829510365,30.2918953382052
40.0833333333333,-8.67837966841133,10.3909081593809,30.3354207376925
39.9166666666667,-8.64046149803497,10.3260916923006,30.1961868408233
39.75,-8.62611138173933,10.3358461202062,30.199199514763
39.5833333333333,-8.68626264149538,10.2260086900395,30.0598289529641
39.4166666666667,-8.53918729768048,10.1714746080237,29.8144690331597
39.25,-8.63194679923135,10.0333510892008,29.6306966860053
39.0833333333333,-8.53427723219678,10.039440536653,29.5289682606179
38.9166666666667,-8.66299668649502,10.0158047333361,29.6043991583293
38.75,-8.49404257519157,10.0816057374246,29.5755371769229
38.5833333333333,-8.28977610176348,10.1644011881029,29.5332136868701
38.4166666666667,-8.30453620711389,10.2224303121219,29.6232435086974
38.25,-8.29789817830438,10.210699030325,29.5692510958435
38.0833333333333,-7.96150344599468,10.3510915209632,29.5180385315467
37.9166666666667,-7.73420711128525,10.435721411885,29.4634494071515
37.75,-7.64980316428081,10.4763023796279,29.4374313969766
37.5833333333333,-7.45128274760837,10.599666276471,29.4724750538124
37.4166666666667,-7.46069275253032,10.6070836437753,29.4434300113897
37.25,-7.18908027456249,10.8106376805635,29.5616736290777
37.0833333333333,-6.88786901336062,10.94960510529,29.5260036922728
36.9166666666667,-6.62040879487605,11.0250833054376,29.4053406268952
36.75,-6.71318574934657,10.9649250370343,29.3578787388883
36.5833333333333,-7.08992838151714,10.6985718621015,29.1943785453188
36.4166666666667,-7.47848266413979,10.36503203021,28.9136669045379
36.25,-7.6550712312472,10.2082638529997,28.7571839345728
36.0833333333333,-7.94884713219661,9.98769245817942,28.5486319118988
35.9166666666667,-8.17413275006728,9.76315946381785,28.2725332370251
35.75,-8.0226663309421,9.83021533490401,28.2036261141429
35.5833333333333,-7.64360635486329,10.0903317483692,28.3404525831594
35.4166666666667,-7.20791038165016,10.3416048526831,28.3887514874742
35.25,-6.80249805868231,10.6636233382424,28.6237906713054
35.0833333333333,-6.55377053107644,10.9548448656877,28.9556181538965
34.9166666666667,-6.41136068951532,11.1019226977235,29.1164745426079
34.75,-6.31235250189363,11.2561784192684,29.2649461907499
34.5833333333333,-6.18328164607848,11.4065031232907,29.3671997190787
34.4166666666667,-6.21874749795147,11.4583068746289,29.4560565234007
34.25,-6.1386649449498,11.5411885907524,29.4707627811807
34.0833333333333,-6.05697108692972,11.5617601662638,29.3722710677332
33.9166666666667,-6.01076715632149,11.6108406003668,29.3551242910203
33.75,-5.86801529825221,11.8595102822835,29.6368393228951
33.5833333333333,-5.62515794380451,12.0997057630656,29.8529134475615
33.4166666666667,-5.27464493588076,12.3954871077976,30.0587782058927
33.25,-4.94185837319551,12.7479956928833,30.4043669806118
33.0833333333333,-4.57654379508592,13.137979609675,30.7726544837487
32.9166666666667,-4.15945567447684,13.5046561478062,31.0568123294393
32.75,-3.68630768196179,13.8147549472285,31.1898922487675
32.5833333333333,-3.43024265535382,14.0582142664894,31.4117513431371
32.4166666666667,-3.028449483981,14.4167568399932,31.6899586775496
32.25,-2.69544550151481,14.7502494558312,31.9724769859767
32.0833333333333,-2.39265746785834,15.0136026999642,32.1564125195226
31.9166666666667,-2.13213151606288,15.2120259517902,32.2618044358524
31.75,-1.99633156205378,15.2943401960955,32.2442848646666
31.5833333333333,-1.57329573257442,15.5575507489663,32.3064621862243
31.4166666666667,-1.3499689572963,15.7096399476504,32.3556775787656
31.25,-1.04454203766336,15.904814087195,32.4110466839112
31.0833333333333,-0.803909365772656,16.0589894873996,32.4557732457148
30.9166666666667,-0.559023455988029,16.253148933111,32.5571882828843
30.75,-0.361259781812714,16.4086280627749,32.6106075498043
30.5833333333333,-0.201006772474038,16.5399956823608,32.6645908914431
30.4166666666667,0.0395850845791183,16.724885835387,32.7482535355541
30.25,0.23929681146301,16.9232250030138,32.9247213334748
30.0833333333333,0.461456195771312,17.1748976211646,33.1733105908907
29.9166666666667,0.628625688385526,17.3441149571321,33.2975670601711
29.75,0.84911213626237,17.5392319742209,33.4359483604867
29.5833333333333,0.953811889165449,17.6480071277867,33.5231548953483
29.4166666666667,1.14170188376684,17.8481031318284,33.7059326720314
29.25,1.44930060219112,18.1439540408886,33.9546293977998
29.0833333333333,1.56518992542328,18.2797887512308,34.0340406681213
28.9166666666667,1.65648416946242,18.3721808860861,34.0476503491531
28.75,1.76416737284621,18.4691677138059,34.0691037739636
28.5833333333333,2.08425998220253,18.7374654647046,34.2286645449926
28.4166666666667,2.52361322050342,19.0695221861521,34.4231767957296
28.25,2.9046672114382,19.3404359646626,34.5603278672579
28.0833333333333,3.2502005333788,19.6331309076127,34.7438461767619
27.9166666666667,3.59247439799259,19.9637033739202,34.9919321278774
27.75,4.06219413767401,20.3591822012727,35.2943091458161
27.5833333333333,4.4648749996432,20.7714533272548,35.6691718938616
27.4166666666667,4.84320447490193,21.1560355975408,36.0038811106767
27.25,5.22469967642228,21.4887796495655,36.2360588709513
27.0833333333333,5.55623176825177,21.742834802253,36.3988987882132
26.9166666666667,5.89986268877368,22.0551074422073,36.631469010771
26.75,6.21464949311077,22.3089671359691,36.7621588792502
26.5833333333333,6.38221509142965,22.4377344579424,36.8061652883181
26.4166666666667,6.41584832841295,22.4970809140425,36.862870496991
26.25,6.63460597883108,22.6308585901031,36.8921282004655
26.0833333333333,6.73183425495376,22.6910046491603,36.8899627976274
25.9166666666667,6.88141704009583,22.8279362194487,36.9983041049702
25.75,7.0378547359112,22.914494382621,37.0055431792264
25.5833333333333,7.08045008352516,22.9013227892686,36.9360509963052
25.4166666666667,7.16605165119086,22.9623627387935,36.9779176367066
25.25,7.18241692062472,22.9819503683153,37.0249240469619
25.0833333333333,7.3038899993882,23.0595946975675,37.0766874485062
24.9166666666667,7.44838167380455,23.182879181309,37.1593069335676
24.75,7.68904219892266,23.2796501428348,37.106446338106
24.5833333333333,7.82253044589883,23.325540800696,37.0902032573728
24.4166666666667,7.89519297501897,23.4272093253594,37.212198285427
24.25,8.07117686306473,23.5513563985662,37.2840490503613
24.0833333333333,8.22357507600375,23.6812283931822,37.3967496321977
23.9166666666667,8.33670938891523,23.7423629927772,37.4214800198873
23.75,8.47501263120672,23.7919707942116,37.3920532291771
23.5833333333333,8.56792818994198,23.830258737605,37.3846674047365
23.4166666666667,8.6832776540835,23.9040800558262,37.4107496077471
23.25,8.90190820364478,24.0576250718494,37.4955428816517
23.0833333333333,9.27740595052543,24.2380796454744,37.4735327186678
22.9166666666667,9.44710781763569,24.3669340790461,37.549502511649
22.75,9.7146184128143,24.5526463316352,37.6652788110808
22.5833333333333,9.97962570365953,24.7209862476965,37.7520246845082
22.4166666666667,10.1895263715303,24.8955975874906,37.8698003227961
22.25,10.3000576221138,24.9758002089089,37.9117015253547
22.0833333333333,10.4668816065583,25.0917072006795,37.9870366123476
21.9166666666667,10.583242968571,25.1425485497149,37.9648844024281
21.75,10.6706403396659,25.2423796608876,38.0759134208842
21.5833333333333,10.8529743190696,25.2846125373267,38.0344529737506
21.4166666666667,10.7499285585464,25.3551687162485,38.3264316253061
21.25,10.841916894342,25.4230869437786,38.3911377115453
21.0833333333333,10.9548937536947,25.4866477902435,38.4014454874499
20.9166666666667,11.0508096264066,25.5263419491904,38.3839769019622
20.75,11.1005300913172,25.5592487197438,38.3828754142669
20.5833333333333,11.1106974422686,25.6086201927958,38.4538522717713
20.4166666666667,11.0249926519762,25.6165753134281,38.5029481885142
20.25,11.0900309955994,25.6183634572634,38.3995466407657
20.0833333333333,11.124575443187,25.583903080775,38.2634367296251
19.9166666666667,11.2878789580531,25.5947280916351,38.1166794962353
19.75,11.2733290067068,25.5785481483302,38.0663645455007
19.5833333333333,11.3266376579096,25.6315754391253,38.0980623716658
19.4166666666667,11.4794170420373,25.7301107958624,38.1292606255947
19.25,11.7352844054456,25.8815922577836,38.1751047643207
19.0833333333333,11.8791336756183,25.9981216568967,38.2713356485959
18.9166666666667,12.2390978844802,26.177720479607,38.3062526169585
18.75,12.4862728071484,26.2801681970331,38.3098709989678
18.5833333333333,12.8166459618906,26.4325651567645,38.3261768895245
18.4166666666667,13.2413315966062,26.4490286415888,38.0141467533292
18.25,13.3453333020535,26.5283817099399,38.0735370079893
18.0833333333333,13.3924047495686,26.6635417059316,38.2788885892448
17.9166666666667,13.376427850236,26.7340302209785,38.4172818232627
17.75,13.3093237347073,26.7417592381778,38.4756742909982
17.5833333333333,13.3897929074753,26.7327430765503,38.3757369317468
17.4166666666667,13.4973163882648,26.7028507153925,38.2223817526928
17.25,13.5332239198242,26.6604060752719,38.1023187076344
17.0833333333333,13.6839897860715,26.6791714395515,38.0257468606219
16.9166666666667,13.7902093879879,26.7259958443542,38.0324358314276
16.75,13.9866149458982,26.7585642083635,37.9533921835389
16.5833333333333,14.2132476505878,26.9137718493637,38.0713992413553
16.4166666666667,14.4462214607882,26.9985629308142,38.0519334583859
16.25,14.4908044330485,26.9827786494385,38.0033537164911
16.0833333333333,14.6516570752335,27.0739297110313,38.0711825609603
15.9166666666667,14.88719889135,27.0999345352693,37.96458841897
15.75,14.9756444178881,27.1221318698498,37.9762112019264
15.5833333333333,14.787813298379,26.9015844924302,37.7625679371721
15.4166666666667,14.6805538545342,26.7304475592367,37.5849743870887
15.25,14.7606875355711,26.6531822660944,37.4293629295638
15.0833333333333,14.8691810070961,26.5520059051059,37.1885702467858
14.9166666666667,15.0454180199876,26.6039117738392,37.1767345624092
14.75,15.1372848792101,26.6276873159981,37.1780913567257
14.5833333333333,15.1089072512909,26.6237205553782,37.2139815041717
14.4166666666667,15.248672729626,26.6025812413957,37.0752889833952
14.25,15.32508345445,26.6404779406868,37.1100808103034
14.0833333333333,15.5653109475318,26.7253152735388,37.0830484113008
13.9166666666667,15.799014321949,26.8598652292429,37.1663347857698
13.75,15.8612138561543,26.9288375694405,37.2556715747826
13.5833333333333,15.9496470270695,27.0053099873722,37.3228137289023
13.4166666666667,16.0131745740908,26.9763768044451,37.2102570699989
13.25,15.9802715531019,26.8900760972983,37.1027961410095
13.0833333333333,16.0280259350746,26.976527160258,37.265418747415
12.9166666666667,16.1081230283941,27.0288849585265,37.3678868303021
12.75,16.2245846626157,27.0037300785765,37.2787202934309
12.5833333333333,16.3793454369286,26.9315426780935,37.0604039867191
12.4166666666667,16.3676050763864,26.8265773363602,36.9464728465447
12.25,16.5863161457307,26.7927772313958,36.7406669096513
12.0833333333333,16.5310029582335,26.6893428967549,36.6284818392534
11.9166666666667,16.5983195900917,26.651675171577,36.5207625535818
11.75,16.5420835425671,26.5643281707127,36.4191609852909
11.5833333333333,16.6831936582806,26.6120580262712,36.4119222445751
11.4166666666667,16.9539788827442,26.6103512282599,36.1831290871756
11.25,17.1165015353097,26.6720429912026,36.1897680070665
11.0833333333333,17.1494935243178,26.565656024461,35.9731049441768
10.9166666666667,16.9927990821994,26.2580812060589,35.5508902546301
10.75,17.1003149622926,26.2295669699165,35.4230059111497
10.5833333333333,17.2252654474643,26.265657240042,35.3889164858394
10.4166666666667,17.153671615482,26.1528315939434,35.2446844170131
10.25,17.0441289632834,26.0392175482089,35.1438817860993
10.0833333333333,17.0749889518578,25.9600736834131,34.9690462881358
9.91666666666667,16.9470740478094,25.8370649718275,34.8676789159656
9.75,16.9809386615855,25.7803122052926,34.7379127963186
9.58333333333334,17.1199233741091,25.7670952288031,34.5992874346281
9.41666666666667,17.2856683415952,25.7587616384202,34.4322270534349
9.25,17.4776391647692,25.7632256380281,34.2977009899211
9.08333333333334,17.6276469140373,25.7866003096138,34.2353412313018
8.91666666666667,17.6275141711821,25.7551825085579,34.2026209781044
8.75,17.6706753765011,25.6733556450307,34.0302225512204
8.58333333333334,17.8558805569676,25.7249220646897,33.9704387443841
8.41666666666667,17.9523587300353,25.7537507384879,33.949865964994
8.25,17.9491140694454,25.6508996329088,33.7607932288071
8.08333333333334,18.0246128318219,25.6251942847427,33.6509577279272
7.91666666666667,17.9536689723821,25.5177717046272,33.5462571939674
7.75,18.0653656452474,25.5132215820568,33.4502918216544
7.58333333333334,18.1498987046193,25.4825795316948,33.3175267083783
7.41666666666667,18.1902448542222,25.3847065633967,33.1072679370383
7.25,18.1090179556852,25.2591200446574,32.9916623134173
7.08333333333334,18.1458742441475,25.2154137605918,32.8942483732666
6.91666666666667,18.2226675136852,25.2012665945551,32.8332467476527
6.75,18.2905379551171,25.2090012097591,32.8269857577164
6.58333333333334,18.3469283392032,25.232364871031,32.859346290871
6.41666666666667,18.5178615544539,25.2835934990104,32.8176247424939
6.25,18.5760134300928,25.2374550334272,32.7009050042492
6.08333333333334,18.5438849055722,25.1416827706179,32.5629477428393
5.91666666666667,18.7099330126682,25.1757122775847,32.5007121897189
5.75,18.7456852797087,25.1485292831604,32.4436721783661
5.58333333333334,18.8898580367263,25.1819839189093,32.4126613703477
5.41666666666667,19.018140575121,25.2158517254224,32.363636923736
5.25,19.131975428382,25.2652191138683,32.3636424648228
5.08333333333334,19.0455813380388,25.1924004417199,32.3329097527724
4.91666666666667,18.9763912820062,25.0938104304714,32.2357072566338
4.75,19.0229837161824,25.0879626917044,32.2061328964233
4.58333333333334,19.0961167088404,25.1137334153398,32.2097498125393
4.41666666666667,19.1417220934793,25.1425914383528,32.2279160289844
4.25,19.1224404240468,25.1131154279295,32.1646947128686
4.08333333333334,19.1832649471431,25.137743769706,32.1469327971853
3.91666666666667,19.2628598600239,25.1678824468609,32.1325388615266
3.75,19.2708269285433,25.1147761073979,32.0362143124337
3.58333333333334,19.3686286132587,25.1574462860474,32.0318205544823
3.41666666666667,19.481326171925,25.217884255462,32.0260234004025
3.25,19.4736249932146,25.2294003409622,32.0312481791572
3.08333333333334,19.5962095870889,25.297927298239,32.0038904616217
2.91666666666667,19.555551534036,25.2368968056407,31.8864749034416
2.75,19.5717521883217,25.225501151552,31.8028082272971
2.58333333333334,19.5443688962056,25.1572115375669,31.6749668778358
2.41666666666667,19.4807928626736,25.0681488414605,31.5573716402054
2.25,19.5098651998765,25.0598099488111,31.5130293023042
2.08333333333334,19.5939210157217,25.0916649745694,31.4802537566633
1.91666666666667,19.7097892511839,25.1667904285207,31.4911339133354
1.75,19.7051882694979,25.1017144804444,31.33327006512
1.58333333333334,19.7211540684556,25.0956712549383,31.2635305616591
1.41666666666667,19.7213532330999,25.0844935293657,31.2040750070748
1.25,19.6222018345748,24.9481234517428,30.9924783026818
1.08333333333334,19.7052376051895,24.9902577156026,30.9484707872376
0.916666666666671,19.7623273681711,25.0111642916261,30.8909567762304
0.75,19.6930228351868,24.9791160211919,30.8679431611266
0.583333333333343,19.7018588903739,24.9926785706567,30.8583615560495
0.416666666666671,19.6935357901608,24.9998630648437,30.8470733507641
0.25,19.69806551137,24.9888902662935,30.7962337055469
0.0833333333333428,19.6618860819621,24.9494387108885,30.7227835245951
-0.0833333333333286,19.6943261437787,24.9523822594228,30.675657828173
-0.25,19.703951262098,24.9200033085531,30.5726778157303
-0.416666666666657,19.6705486615958,24.8792925597615,30.5026461467118
-0.583333333333329,19.657620839077,24.8369839230876,30.4114539542895
-0.75,19.682157572635,24.8604273739315,30.4053363800049
-0.916666666666657,19.6792239045564,24.8692310602007,30.3997088828822
-1.08333333333333,19.6362856423191,24.8278362860157,30.328535903506
-1.25,19.6769439344913,24.8606794464905,30.3282328090837
-1.41666666666666,19.6882965769356,24.8722339176656,30.3143266825609
-1.58333333333333,19.8089389010436,24.9795960857085,30.3919365869628
-1.75,19.8136756172642,24.9805201935521,30.3743922009188
-1.91666666666666,19.8987341018187,25.0811405292954,30.4836801191171
-2.08333333333333,19.8620635345711,25.0904490800578,30.5300268470068
-2.25,19.7959333489607,25.0599372301016,30.5217892019598
-2.41666666666666,19.738328126996,25.0228263013131,30.4968509117059
-2.58333333333333,19.7715287396353,25.0640517241879,30.5572232203941
-2.75,19.7545314858789,25.0957462613532,30.6260956394234
-2.91666666666666,19.7953556888289,25.1607759535571,30.7300964516479
-3.08333333333333,19.6728619313859,25.0976533589167,30.7137318121922
-3.25,19.5685693854786,25.0431254543506,30.7023735358555
-3.41666666666666,19.4517191981481,25.0081198909066,30.7240425519707
-3.58333333333333,19.1969336691904,24.8736291766098,30.6698648219675
-3.75,19.0948498332417,24.8818277986177,30.7435684537554
-3.91666666666666,18.8552851466324,24.7440047019783,30.6767742894985
-4.08333333333333,18.7541351780773,24.7133436613094,30.6940751313315
-4.25,18.7278230584036,24.7830031300341,30.82966155452
-4.41666666666666,18.8650441436561,24.9796550169175,31.0685638847764
-4.58333333333333,18.8868076411083,25.0431899721388,31.1738647505534
-4.75,18.7694387496491,24.9958893390259,31.1782350315156
-4.91666666666666,18.552403378087,24.8952258444217,31.1655786503627
-5.08333333333333,18.439483883636,24.8408871708761,31.1420556839102
-5.25,18.4371331360963,24.8413347201304,31.1438847069268
-5.41666666666666,18.5193261877476,24.8931251930668,31.1670990452222
-5.58333333333333,18.2818791575136,24.7707572422196,31.1342212204385
-5.75,18.089688654487,24.6718675446285,31.1058544605336
-5.91666666666666,17.8808110469096,24.5576215660966,31.0703986846649
-6.08333333333333,17.6040781447116,24.4260685325545,31.0613794256659
-6.25,17.5590004964786,24.4587074331209,31.1562093075584
-6.41666666666666,17.4944502809154,24.4960627460954,31.2897386977922
-6.58333333333333,17.5778715592909,24.5738299986826,31.3502911782353
-6.75,17.6536378692936,24.6318535630051,31.3849484074223
-6.91666666666666,17.7009309021743,24.6734343761609,31.4425665565304
-7.08333333333333,17.621013513963,24.6492423728598,31.451869282924
-7.25,17.3740236321011,24.5026702044604,31.3875313973642
-7.41666666666666,17.423409682844,24.5451811726831,31.4146531069086
-7.58333333333333,17.3338301571933,24.5328212310329,31.4636676753651
-7.75,17.2361419248237,24.4506564263689,31.3965053455064
-7.91666666666666,17.0250852562966,24.3032340668028,31.2694250964243
-8.08333333333333,17.0379274931319,24.3404504416282,31.294796081723
-8.25,17.1396847123261,24.4259258426994,31.3509937396033
-8.41666666666666,17.1399440603952,24.4653163646106,31.4029861787955
-8.58333333333333,16.8988355724481,24.3932962177589,31.4700712757389
-8.75,16.5671046462987,24.1901520547735,31.3674246638394
-8.91666666666666,16.3939247207292,24.1252791314665,31.3826904609857
-9.08333333333333,16.1525195678527,24.0277765096037,31.4060857811359
-9.25,15.9286463609676,23.9199259546614,31.3893378975465
-9.41666666666666,15.6844651066156,23.833851193222,31.4138069531908
-9.58333333333333,15.5702086764537,23.7824801085562,31.3942165751467
-9.75,15.3308082197736,23.6713788305856,31.3599273447759
-9.91666666666666,15.2162090647605,23.6610303012487,31.4209049122308
-10.0833333333333,15.0889153754839,23.6157814164315,31.4137194520684
-10.25,14.8956854827621,23.5397287090232,31.4021058113611
-10.4166666666667,14.5788648518794,23.3740139374843,31.3433508310127
-10.5833333333333,14.4523239388731,23.293976018782,31.2805860879686
-10.75,14.327935237697,23.2575255547123,31.2739304488964
-10.9166666666667,14.0651222565611,23.1890177642847,31.3074439528923
-11.0833333333333,13.9222946169777,23.1426184691744,31.2974481159282
-11.25,13.9524422213604,23.1811872403773,31.2944864048169
-11.4166666666667,13.7635080675396,23.0969744029117,31.2559144973755
-11.5833333333333,13.6878908923282,23.0801006275321,31.2607215009294
-11.75,13.6029276811511,23.0869454123455,31.3214741162199
-11.9166666666667,13.5024753795937,23.0510153543994,31.3315661430359
-12.0833333333333,13.4848759258166,23.0845970960689,31.362588722791
-12.25,13.5335166272798,23.136206982074,31.3462772513569
-12.4166666666667,13.319315761651,23.063860104727,31.3506696974119
-12.5833333333333,13.156972594754,22.9937823643785,31.3148208173532
-12.75,13.097116626216,22.9840699871381,31.3237752790036
-12.9166666666667,12.8511186439496,22.8346266345501,31.2229835646493
-13.0833333333333,12.5912938102304,22.7037162534887,31.1692880994586
-13.25,12.3907819696688,22.5872885418333,31.0817906624813
-13.4166666666667,12.2802870413309,22.534729305369,31.0680399576823
-13.5833333333333,12.1654739753038,22.4591201785482,30.9942749888957
-13.75,11.8759747593974,22.3046748162221,30.9049503485362
-13.9166666666667,11.7737662416477,22.2850337681249,30.9175109941291
-14.0833333333333,11.7188090788121,22.3300418601245,31.0099672042816
-14.25,11.7016558174593,22.3667890451914,31.0982025686013
-14.4166666666667,11.5588480039809,22.3077908373945,31.1091975122986
-14.5833333333333,11.3104230916236,22.2393518464626,31.1921495249574
-14.75,11.3234527700583,22.3121691104044,31.3305179546652
-14.9166666666667,11.5162674952118,22.4756646414752,31.4640318374339
-15.0833333333333,11.4543846043967,22.4946949837335,31.537850130436
-15.25,11.7255560258087,22.6893958446845,31.6822094629396
-15.4166666666667,11.685490384585,22.769453925568,31.8633833437255
-15.5833333333333,11.9102861663218,23.0215894046863,32.1143812380339
-15.75,12.0486821821994,23.1243366696763,32.1631486451184
-15.9166666666667,11.9439637932512,23.1772572792949,32.3098274796097
-16.0833333333333,11.9859515584129,23.2653411544207,32.4061811250799
-16.25,12.0427241863326,23.275561743547,32.3718008564698
-16.4166666666667,12.0527621525804,23.3176617538167,32.4340051339946
-16.5833333333333,12.0755834000271,23.3001655988698,32.3649168081924
-16.75,12.1148021609321,23.3394171696347,32.393582260692
-16.9166666666667,11.6813895745166,23.2001255569441,32.4455639772398
-17.0833333333333,11.4735413700884,23.1713317705939,32.5481680800698
-17.25,11.2977008221884,23.0855402639697,32.5421261945774
-17.4166666666667,11.3582267173312,23.1315218805251,32.5720157987421
-17.5833333333333,11.2391524072434,23.0589173982004,32.5485907975618
-17.75,11.1890009971126,23.0070418036172,32.5080263141229
-17.9166666666667,10.921605961483,22.9741984332464,32.6333831625529
-18.0833333333333,10.7889765591593,22.9219583931669,32.6415519448461
-18.25,10.6316389863071,22.8809270849942,32.6694257420705
-18.4166666666667,10.5044453126011,22.85879037029,32.6987100550623
-18.5833333333333,10.4736460976628,22.8780882091984,32.7490686926941
-18.75,10.4322878641613,22.8402470249266,32.7091936234272
-18.9166666666667,10.3439781794494,22.7857826211668,32.6598169460441
-19.0833333333333,10.1814530765873,22.7384174975066,32.6564777399845
-19.25,10.0896845029004,22.7051822844678,32.6527256232042
-19.4166666666667,9.82113923912402,22.6062621447351,32.6505026742816
-19.5833333333333,9.78161974081874,22.5569440715368,32.5929610099866
-19.75,9.75969373860733,22.5857138155035,32.64774043519
-19.9166666666667,9.79369672259913,22.6733995595004,32.768858970786
-20.0833333333333,9.7130492647016,22.6509643040989,32.8023807389651
-20.25,9.67733573759854,22.6559575206976,32.8587754437471
-20.4166666666667,9.68244101788394,22.689166855732,32.9367535405255
-20.5833333333333,9.60398807570986,22.7129377375077,33.0700737462528
-20.75,9.54533158052759,22.7787656646655,33.2582808790772
-20.9166666666667,9.47221081348668,22.76190255583,33.3090930189405
-21.0833333333333,9.34950250116262,22.6806958065586,33.2912209131713
-21.25,9.17046231020755,22.6189452958253,33.3637392849317
-21.4166666666667,9.11224807535125,22.6013804895273,33.4192486788319
-21.5833333333333,8.90365905261843,22.4997675462183,33.4321210181459
-21.75,8.7430592240594,22.4356536891914,33.4817123683632
-21.9166666666667,8.63395853101471,22.3451852055156,33.4573148613043
-22.0833333333333,8.41058004571792,22.2374262162122,33.4769589718225
-22.25,8.30963248459894,22.1800092053329,33.502582738408
-22.4166666666667,8.22121880491681,22.1321918448423,33.5466285287378
-22.5833333333333,8.14245346690591,22.0988776304168,33.6068500344471
-22.75,8.00999677696744,22.0091946235894,33.6047838760926
-22.9166666666667,7.88266614632173,21.9494737797535,33.6478333906694
-23.0833333333333,7.88709798476834,21.9247050243996,33.6487237664237
-23.25,7.69326794161238,21.8413323087716,33.6822904326379
-23.4166666666667,7.59201123413664,21.7927267633479,33.7096280680762
-23.5833333333333,7.42675527002767,21.7017669985158,33.7297920672693
-23.75,7.3288915539317,21.6083485612234,33.6937113610384
-23.9166666666667,7.2880588752528,21.5446398807272,33.6494220910249
-24.0833333333333,7.04856708174371,21.4512330072076,33.7114652213404
-24.25,6.85417082055893,21.3589720444468,33.7340873747271
-24.4166666666667,6.74619301092057,21.2873925760586,33.7342806189401
-24.5833333333333,6.63250894988415,21.2026072655222,33.7348741618899
-24.75,6.53850762342995,21.0641916921542,33.6322453859443
-24.9166666666667,6.35852391442049,20.9027527357798,33.5641401364965
-25.0833333333333,6.22837218724045,20.7677704685112,33.501786069309
-25.25,6.13208344183346,20.6579359125284,33.4669723133049
-25.4166666666667,5.94631826696608,20.5242668127032,33.4581407438888
-25.5833333333333,5.78642528426428,20.362810269114,33.388009599869
-25.75,5.61895487856158,20.2284304433292,33.3636984481025
-25.9166666666667,5.4997471299169,20.0786562919561,33.2411113604749
-26.0833333333333,5.39566328936096,19.9351110027066,33.1343327555844
-26.25,5.33748318277269,19.8240074797292,33.0340706553341
-26.4166666666667,5.26870120714192,19.755649423296,33.0112434142877
-26.5833333333333,5.1416539174278,19.7034274587228,33.0674606727711
-26.75,5.06654833551341,19.6366376093388,33.0533993661404
-26.9166666666667,5.06101060283053,19.6138052299282,33.0566196023547
-27.0833333333333,5.12223697833193,19.5788563242183,32.986627395488
-27.25,5.07671158733735,19.5224823831255,32.9749318989481
-27.4166666666667,5.04411139292642,19.4515015458287,32.9335345864296
-27.5833333333333,5.05624640683539,19.4034096636512,32.9075932087245
-27.75,4.93841426800282,19.3172189903808,32.9252671335728
-27.9166666666667,4.95117168164025,19.2767881839832,32.9206847784654
-28.0833333333333,4.97175968372003,19.2418082168288,32.9062820590517
-28.25,5.00974686096321,19.2081638413484,32.8874116625105
-28.4166666666667,4.97120516887724,19.156969273476,32.8878207348161
-28.5833333333333,4.95988405939104,19.10772058144,32.8578603526931
-28.75,5.01641537530077,19.0827304516107,32.8342344006921
-28.9166666666667,4.93444164977469,18.9245581776683,32.6792078877723
-29.0833333333333,4.7205990517516,18.7242038079646,32.5591237539819
-29.25,4.66524510848653,18.6441423565033,32.5084923461243
-29.4166666666667,4.61199909851302,18.5866151244152,32.4952736070045
-29.5833333333333,4.58831833860113,18.5071052746261,32.4225179142422
-29.75,4.53834767034904,18.4361100797312,32.4129049040277
-29.9166666666667,4.56894261297885,18.3966010383857,32.3676698588253
-30.0833333333333,4.56745245478217,18.3175222233253,32.2773085778898
-30.25,4.48095200164139,18.1461260630711,32.0819173946338
-30.4166666666667,4.40696614434998,17.9757722665331,31.8777328126825
-30.5833333333333,4.34252137626487,17.8713108583838,31.7801780547571
-30.75,4.32777706096912,17.7999253337154,31.6776520520791
-30.9166666666667,4.22240316616889,17.6594085413589,31.5177222490311
-31.0833333333333,4.12599516429527,17.4779944564312,31.2775286741035
-31.25,4.0271435366571,17.2986500947061,31.0647586418601
-31.4166666666667,4.05804875431145,17.2326819488917,30.9528120298521
-31.5833333333333,4.13685850973421,17.2007841900685,30.8553833801781
-31.75,4.11351482698082,17.1306767681158,30.884661192882
-31.9166666666667,4.18332714397394,17.105070032271,30.8651934034042
-32.0833333333333,4.14790716852461,16.9280303508479,30.6057390497876
-32.25,4.18354252319444,16.8781340369015,30.5572646033955
-32.4166666666667,4.18983657950727,16.8548003993652,30.6244754963931
-32.5833333333333,4.19982691104947,16.7847824770544,30.5321817953478
-32.75,4.25808372338968,16.7054873186261,30.3742277703966
-32.9166666666667,4.18870516655744,16.5994441398334,30.2972886458083
-33.0833333333333,4.11511323847182,16.4300879215849,30.0361253005355
-33.25,4.13544615048802,16.3217520737014,29.8445619467533
-33.4166666666667,4.15729055445261,16.2705881657661,29.7613158071004
-33.5833333333333,4.26973134938648,16.2697786200494,29.7076207306526
-33.75,4.46198882808442,16.2005403732931,29.4047064544985
-33.9166666666667,4.39907038934508,16.0588974473304,29.1638124913268
-34.0833333333333,4.57243227285213,16.0344028701444,28.9515075780907
-34.25,4.11243047828311,15.9091669130737,29.4380807319968
-34.4166666666667,4.12797060581547,15.736178670355,29.0988464806024
-34.5833333333333,3.65053631589644,15.4708329752322,29.1725557030572
-34.75,3.6744821517639,15.4559810000374,29.1240311844708
-34.9166666666667,3.37661768409638,15.3255148460979,29.3024573559855
-35.0833333333333,3.19755030884049,15.214716038232,29.3159721081073
-35.25,2.79224971176985,14.9896638390942,29.3454253295732
-35.4166666666667,2.56608976339453,14.7500711528982,29.2025073600215
-35.5833333333333,2.42726368266184,14.449054834541,28.7995983039477
-35.75,2.36681739601967,14.3613669450501,28.7981410213023
-35.9166666666667,2.36013096096462,14.2712771878179,28.6848452477482
-36.0833333333333,2.09185967232561,14.1162936346877,28.7275374401575
-36.25,1.90712035611013,14.0029788630618,28.7364495779048
-36.4166666666667,1.65751573722265,13.732709632257,28.5204100023236
-36.5833333333333,1.70044343645663,13.6908002666192,28.4417731429255
-36.75,1.68101195345611,13.5589995527588,28.2713921901792
-36.9166666666667,1.67158646989432,13.3682242515318,28.0068182342354
-37.0833333333333,1.75607664005789,13.2550944285432,27.7429220784794
-37.25,1.93073140266799,13.2248981392104,27.5094475288176
-37.4166666666667,1.94741121549592,13.1926521605581,27.4991445319597
-37.5833333333333,2.22171661420075,13.2940575965633,27.2840401846603
-37.75,2.28452157344542,13.3492102188792,27.2488405162638
-37.9166666666667,2.20744761949893,13.3469890697456,27.3136192389897
-38.0833333333333,2.24239849692418,13.4387183564106,27.4057261620039
-38.25,2.17872704214083,13.2756550419613,27.0906253310869
-38.4166666666667,2.23052764394217,13.2457133748849,26.9215735516517
-38.5833333333333,1.9944205665621,13.1903037937475,27.0705576291049
-38.75,1.81759824790061,13.0972189943045,27.0289588012695
-38.9166666666667,1.44776666109413,13.0015020103116,27.150392464229
-39.0833333333333,0.99174527869051,12.6728698267278,26.903952333116
-39.25,0.943469665944576,12.4724016780577,26.5847051541011
-39.4166666666667,0.855151334757006,12.5140218732558,26.7093063186813
-39.5833333333333,1.11441994212726,12.6253638924595,26.6094067756166
-39.75,1.18366090109086,12.7068790904638,26.7209153589995
-39.9166666666667,1.12356006084604,12.5069330342201,26.3050514383519
-40.0833333333333,0.878210190851032,12.2910356201259,26.1739858777336
-40.25,0.819983265426179,12.1356385672098,25.8480208787051
-40.4166666666667,0.768057046627456,11.9439940846553,25.4937494668094
-40.5833333333333,0.722189477184317,11.8151310591143,25.1848312839047
-40.75,0.930288577526808,11.6389373026664,24.4656171417236
-40.9166666666667,1.02034117933363,11.4162315592302,23.8623390727573
-41.0833333333333,1.03995915808482,11.161625598213,23.265450668335
-41.25,0.611391388318118,10.4465606257716,22.2909726722568
-41.4166666666667,0.113217133464235,9.975203103799,21.9564767124677
-41.5833333333333,-0.391639297431771,9.7381606927201,22.1062573980778
-41.75,-0.521784369431828,9.56474197480762,21.8643672340795
-41.9166666666667,-0.883471799017962,9.23734359924173,21.6563339233398
-42.0833333333333,-0.957340220187573,9.36086603987909,21.9180184019373
-42.25,-0.439460644589774,9.74976807800723,22.1027362860885
-42.4166666666667,-0.226217676405654,9.99971396330256,22.2996587945957
-42.5833333333333,0.110821731990636,10.2504290078174,22.3388572172685
-42.75,-0.106788928510361,10.1026601544721,22.217617178476
-42.9166666666667,-0.19782967056318,10.0938546589399,22.2537649318736
-43.0833333333333,-0.0250800469870208,10.1545153461717,22.1074738246138
-43.25,-0.20042234333232,9.96330313197563,21.8417184461247
-43.4166666666667,-0.609493451080767,9.64403611682655,21.6226073345506
-43.5833333333333,-0.727837323728535,9.63502741337528,21.6708532262731
-43.75,-0.540355007867869,9.67330351125242,21.4939788523174
-43.9166666666667,-0.373447012981739,9.70325905572672,21.2790444330736
-44.0833333333333,-0.760125858675554,9.35148047624566,20.9769779687904
-44.25,-0.772007470320138,9.32202428473326,20.9322387416188
-44.4166666666667,-1.21798265972941,8.91737886653223,20.6296144678623
-44.5833333333333,-1.22817488458513,8.84187941386464,20.4782334315924
-44.75,-1.32132414151437,8.64001481995229,20.1267957687378
-44.9166666666667,-1.17777396177492,8.72350171805513,20.1247656603894
-45.0833333333333,-1.07104153775542,8.81939261052516,20.2402885018325
-45.25,-1.19414713537615,8.54845518316142,19.9132142317922
-45.4166666666667,-1.20905979974325,8.37150446917965,19.5877840254042
-45.5833333333333,-0.886901673516386,8.48058971940629,19.3890497129257
-45.75,-0.670162792598242,8.50668977114232,19.2056195376671
-45.9166666666667,-0.448029689118266,8.52538092278216,18.9351544062297
-46.0833333333333,-0.453290922855827,8.41176185268087,18.7147028748418
-46.25,-0.15811117357183,8.74862637462945,19.0244555957075
-46.4166666666667,-0.0722152826732353,8.59325882292115,18.5945335696725
-46.5833333333333,0.0307637949784597,8.95169838571893,19.2261980223277
-46.75,-0.148607229581103,8.59369234458184,18.8248241692781
-46.9166666666667,-1.17806797285201,7.64749116166416,18.1874277632115
-47.0833333333333,-0.930366339319843,8.18710138172958,19.2251358193866
-47.25,-0.544502508537523,8.61508756669388,19.6942143111393
-47.4166666666667,-1.22021084223632,8.29452811660429,19.8307857690034
-47.5833333333333,-1.26275796110609,8.10899549815804,19.5307699271611
-47.75,-1.22296758374925,7.92113328308898,19.0387336278366
-47.9166666666667,-1.11571181535531,8.03689056407071,19.1535118717258
-48.0833333333333,-0.734568261220807,8.15943899769031,18.9891184040757
-48.25,-1.09380546965684,7.97563626218303,18.9898210229545
-48.4166666666667,-1.35783161968824,7.66218465812077,18.4780959912709
-48.5833333333333,-1.9103354265946,6.88047745485098,17.388294387282
-48.75,-1.61930807241065,6.93190022972597,17.0965086484359
-48.9166666666667,-1.60933374549294,6.99543873698119,17.201613837275
-49.0833333333333,-1.89585813167956,6.41613649549864,16.2462242187992
-49.25,-2.1134066856688,6.16392433504875,15.9866616233947
-49.4166666666667,-2.00368779552642,6.4109521940404,16.3934828336122
-49.5833333333333,-1.66106513729319,6.70731528272024,16.5808660825094
-49.75,-2.11189740582516,6.39545676894132,16.4496766140586
-49.9166666666667,-2.63827576472734,6.38831558017733,17.1318659285704
-50.0833333333333,-2.63676683507536,6.4162237131791,17.1739320755005
-50.25,-2.19773463092067,6.64006688514156,16.9974247867411
-50.4166666666667,-2.74408408745033,5.93541776720904,16.1505527031131
-50.5833333333333,-2.88283427343482,5.45210094245092,15.3294977119991
-50.75,-2.8838138726673,5.40704251787859,15.2258377415793
-50.9166666666667,-2.46215606024489,6.02160079707901,16.04477622509
-51.0833333333333,-2.01131589852628,6.36966308976509,16.2217942646572
-51.25,-1.41073299342623,6.35086168843107,15.6058702102074
-51.4166666666667,-1.50994256935243,6.08661946028153,15.2137586988252
-51.5833333333333,-1.224977659886,6.16536580161109,15.0741438474811
-51.75,-1.00049828461582,6.33182594950639,15.1710832195897
-51.9166666666667,-0.961997075134824,6.29478434066492,15.0587663814939
-52.0833333333333,-1.07511960728127,6.05563696986064,14.6195073713336
-52.25,-1.21720517616646,5.97708214744865,14.5064147687426
-52.4166666666667,-1.04656266426636,5.96610466630734,14.1877349940213
-52.5833333333333,-1.13895553866258,6.23567688732575,14.9105171056894
-52.75,-1.34103797925146,5.97103003245827,14.5966563726726
-52.9166666666667,-1.41266860760922,5.4900609570115,13.6418428531913
-53.0833333333333,-1.54356085266485,5.03526403167278,12.8447583442511
-53.25,-1.48010467317624,5.28401407792082,13.3193695239532
-53.4166666666667,-1.21867683571246,5.54136668953665,13.5990043481191
-53.5833333333333,-1.526813562853,5.20249503613228,13.1057889938354
-53.75,-1.367958217075,5.29391546259847,13.1512330958718
-53.9166666666667,-1.66111570158973,5.0107951999642,12.6546120405197
-54.0833333333333,-2.47130401939154,4.15652382315136,11.3181147575378
-54.25,-2.61607470005751,3.92728059028275,11.0150561141968
-54.4166666666667,-2.79525384128094,3.50815125479712,10.4037851905823
-54.5833333333333,-2.69072497498106,3.48635578158608,10.2249158267622
-54.75,-2.61364616532075,3.44930181685394,10.1251950807739
-54.9166666666667,-2.14325334429741,3.98203606518617,10.8382047547234
-55.0833333333333,-1.96206994308159,4.12924808481451,10.9791122376919
-55.25,-1.41545659303665,4.56767451827253,11.3654055772004
-55.4166666666667,-0.924901764182483,4.83068327079801,11.3035572837381
-55.5833333333333,-0.615806911798084,5.02793199788122,11.2796867034015
-55.75,-0.968113966286182,4.7694487546881,11.0378522872925
-55.9166666666667,-0.718610405921936,4.82165924424217,10.8248855045864
-56.25,-5.69999980926514,1.05986842513084,5.72105264663696
-56.75,-6.08899521827698,0.719118771453698,5.22308611869812
-57.0833333333333,-6.21153831481934,0.588076941668987,5.21923065185547
-57.75,-6.90670728683472,0.121443098410964,4.89695119857788
-58.4166666666667,-7.51648449897766,-0.393845494215687,4.25953531265259
-59.0833333333333,-8.16407775878906,-0.799029132351279,4.18155336380005
-59.4166666666667,-8.55517991383871,-1.06266629116403,3.90188241004944
-60.5833333333333,-16.6369504928589,-5.60681488573374,1.2019810634
-60.75,-15.3585265023368,-4.47001587501949,2.16371938852327
-61.0833333333333,-13.5202210290091,-4.48310560369421,2.59647532871791
-61.25,-14.6311576843262,-5.42441308548053,1.78660771846771
-61.9166666666667,-11.1814437593733,-3.71028650214984,2.17652298722948
-62.0833333333333,-11.0597073237101,-3.68478449580639,2.07260455025567
-62.25,-10.232325553894,-3.1329294452222,2.27983462810516
-62.4166666666667,-9.66027927398682,-2.71441886184815,2.51811332702637
-62.5833333333333,-10.6911055824973,-3.55549946994605,1.8729618137533
-62.75,-10.9407007217407,-3.70992381258402,1.91724926804891
-62.9166666666667,-12.6663871492658,-5.09546791429498,0.947058984211513
-63.0833333333333,-14.647071985098,-5.64498203500914,1.72442526656848
-63.25,-15.0111872066151,-5.8774690222997,1.66838610578667
-63.4166666666667,-15.5652465025584,-6.26435025040862,1.43811852671206
-63.5833333333333,-15.8266633207148,-6.64107976185518,0.984152706234123
-63.75,-14.7069559530778,-6.31050289854069,0.7009039724415
-63.9166666666667,-15.710039668613,-7.23007844401707,-0.115111901804253
-64.0833333333333,-16.8098793625832,-8.29943753740129,-1.21216299152002
-64.25,-16.7369380750154,-7.96506236426189,-0.678293954973158
-64.4166666666667,-15.5845059883304,-6.95016782288629,0.222005929797888
-64.5833333333333,-15.5164024689618,-7.08969290561828,-0.0881584333803724
-64.75,-15.2656209779822,-7.18705607377047,-0.502581576290338
-64.9166666666667,-13.5582696251247,-6.20281944585883,-0.0289594680070877
-65.0833333333333,-14.6874448677589,-7.34366223672084,0.184079381926306
-65.25,-17.2543275356293,-9.12198981177062,-0.346048218508561
-65.4166666666667,-19.2296040499652,-10.5811134217146,-0.39195775213065
-65.5833333333333,-17.480620731007,-9.33645620692352,-0.520320063287562
-65.75,-20.9209517177783,-11.8106575017272,-1.33676455424804
-65.9166666666667,-20.6887664952121,-11.4752673834874,0.19452088919806
-66.0833333333333,-22.3099535269331,-12.9765245117613,-0.723555124920699
-66.25,-22.9886260964405,-13.6073866378733,-0.975976491967837
-66.4166666666667,-23.8213374002845,-14.4747566969043,-1.47952693463015
-66.5833333333333,-27.3904017577122,-17.7274335491146,-3.73693039234096
-66.75,-28.2798509429149,-18.5222375778941,-4.38345906805216
-66.9166666666667,-28.2443806240931,-18.7236746621083,-4.84269005559442
-67.0833333333333,-29.0906566902661,-19.2988157678931,-4.99042308986116
-67.25,-30.4369954221389,-20.4010559119028,-5.7639978072726
-67.4166666666667,-31.7010290912006,-21.4987571384391,-6.58813308013572
-67.5833333333333,-32.0759332225523,-21.8603448157474,-6.93886664115205
-67.75,-33.1336122663488,-22.7910817850577,-7.6070847021716
-67.9166666666667,-34.4020442312414,-23.990682945628,-8.55959848721245
-68.0833333333333,-35.3991530221812,-24.8828044411997,-9.28061220169169
-68.25,-36.3136169990437,-25.7539870113981,-10.0094615110546
-68.4166666666667,-36.3076661539749,-25.7783272059641,-10.063466034971
-68.5833333333333,-37.1973075718843,-26.5419608439153,-10.6094320433005
-68.75,-37.1179985433385,-26.4407830699473,-10.5652043447521
-68.9166666666667,-37.7950365726764,-27.0549105114037,-11.0541601661922
-69.0833333333333,-38.2479888327295,-27.4990219054024,-11.4391666073352
-69.25,-38.3543111357548,-27.5948909555509,-11.5628785177236
-69.4166666666667,-38.8156676367512,-27.9351256987898,-11.7851781738956
-69.5833333333333,-39.0010022475169,-28.151683091379,-12.0175156478412
-69.75,-39.1159927897983,-28.213147919418,-12.0188343159027
-69.9166666666667,-39.6273466699605,-28.6566060736858,-12.3131255056639
-70.0833333333333,-39.7050453825545,-28.6106665923351,-12.1707369133465
-70.25,-39.2662354325249,-28.1294477969365,-11.7501345907575
-70.4166666666667,-39.0467605963114,-27.8763360283036,-11.5270406253867
-70.5833333333333,-39.0290900960251,-27.7671159311106,-11.3855859307384
-70.75,-38.8419407836078,-27.5826062496261,-11.271129062175
-70.9166666666667,-39.0122901302422,-27.6449645829695,-11.2193363105059
-71.0833333333333,-39.2741829473761,-27.8565689231162,-11.3550500429099
-71.25,-39.87184240146,-28.3954218842083,-11.7618447504419
-71.4166666666667,-40.0111897683913,-28.530837111122,-11.8842109075659
-71.5833333333333,-40.4703404305317,-28.940127311368,-12.1905605675672
-71.75,-40.9015307673581,-29.3492026113775,-12.5090353105212
-71.9166666666667,-41.1761529447647,-29.623817118121,-12.7396311641195
-72.0833333333333,-41.7332652097538,-30.1814937085418,-13.2059388712737
-72.25,-42.6493320999337,-31.0016267736752,-13.7918982159337
-72.4166666666667,-43.5239112802628,-31.8087587876134,-14.4029236295768
-72.5833333333333,-43.6902511370705,-32.0117928541315,-14.5927634664287
-72.75,-44.5893249407184,-32.8729506548339,-15.2478790448266
-72.9166666666667,-44.2926144217267,-32.6314008382585,-15.0972634297401
-73.0833333333333,-43.6140551903116,-32.032836344022,-14.6842707657989
-73.25,-43.4178336575773,-31.7113499227274,-14.2895060610545
-73.4166666666667,-44.0432080263833,-32.2600968226742,-14.6839285542044
-73.5833333333333,-44.3460743137667,-32.5008358170683,-14.8356842227954
-73.75,-43.784755530105,-31.9610701288618,-14.433864238167
-73.9166666666667,-44.1803363028993,-32.2619023328858,-14.5920434549114
-74.0833333333333,-44.7550503565485,-32.8071759882174,-15.0111458205159
-74.25,-45.1018473131,-33.1026869306781,-15.1813003685858
-74.4166666666667,-45.1497166537367,-33.1205027129696,-15.1608690984759
-74.5833333333333,-45.5486102275808,-33.4479800799235,-15.347168951386
-74.75,-45.1333281956435,-33.0258493282418,-15.0388700021081
-74.9166666666667,-45.3631524195542,-33.1733836022986,-15.0950739598468
-75.0833333333333,-45.2387170281521,-33.0578226094222,-15.0353696757018
-75.25,-45.1850372786023,-32.9643767829343,-14.9170988302471
-75.4166666666667,-45.168925671307,-32.9324162891141,-14.8870465092627
-75.5833333333333,-45.2894121777959,-32.9851240166802,-14.8945779313987
-75.75,-45.4589531260946,-33.1541597533474,-15.0373664596011
-75.9166666666667,-45.9324959021167,-33.5715310906971,-15.3291804402763
-76.0833333333333,-46.3191937647828,-33.904930593728,-15.5644875499633
-76.25,-46.598240045983,-34.1511897630489,-15.7358841501058
-76.4166666666667,-46.8751938164125,-34.3918671140874,-15.8898900460629
-76.5833333333333,-47.1072103920402,-34.6181042418294,-16.0526553706727
-76.75,-47.5229270818485,-34.9830802753552,-16.3037768308421
-76.9166666666667,-48.1928871806205,-35.5616300438557,-16.6858450523293
-77.0833333333333,-47.9779186113661,-35.302121946702,-16.4347231183212
-77.25,-47.9227409180381,-35.173759301836,-16.2660533271939
-77.4166666666667,-47.702417022714,-34.9358625810077,-16.0464054950041
-77.5833333333333,-47.7738652141442,-34.9778747923975,-16.0480695050048
-77.75,-47.6928444771896,-34.8591492469038,-15.9135990967359
-77.9166666666667,-47.9037070761592,-35.0118037384849,-15.9826054330231
-78.0833333333333,-48.0932418038185,-35.1648855401189,-16.0681534516705
-78.25,-48.084119442273,-35.1677936452572,-16.0693100236044
-78.4166666666667,-48.1824183844381,-35.2759961787376,-16.1465582695326
-78.5833333333333,-48.1658055729185,-35.193726641838,-16.0062283304376
-78.75,-48.0474099132114,-35.0828488127934,-15.9158139821225
-78.9166666666667,-48.4180186008442,-35.3567237022934,-16.0392997974382
-79.0833333333333,-48.5683988204455,-35.5030502154585,-16.1440477634806
-79.25,-48.2434313353793,-35.2774893171256,-16.048338726776
-79.4166666666667,-48.7123808723549,-35.6540665383819,-16.2578519241982
-79.5833333333333,-48.8464963291293,-35.7534177666472,-16.2922085281984
-79.75,-48.5259826188877,-35.5495289959413,-16.206175500806
-79.9166666666667,-49.1020933119285,-36.0787196804753,-16.5740236767497
-80.0833333333333,-49.7410659642094,-36.5080080001438,-16.7176859171145
-80.25,-50.0659269361819,-36.7128923902513,-16.7648741645624
-80.4166666666667,-49.7749779844672,-36.4007091993178,-16.4664709034498
-80.5833333333333,-49.713400139949,-36.3512977496647,-16.4363733966417
-80.75,-49.7335760785598,-36.4288821666272,-16.5509249838787
-80.9166666666667,-49.8436322324498,-36.4520016271549,-16.4745875086072
-81.0833333333333,-49.8835065042945,-36.3483463606586,-16.3110298961742
-81.25,-49.4812610351614,-35.9613892827183,-16.0231253311836
-81.4166666666667,-49.9962239430235,-36.3018674682237,-16.1333314902009
-81.5833333333333,-49.7630309984625,-36.1805024624751,-16.1258920772584
-81.75,-49.8019038925054,-36.3099052928232,-16.3024841706058
-81.9166666666667,-49.8389084098764,-36.2698829937594,-16.1936467741614
-82.0833333333333,-50.3566316295766,-36.6155287635796,-16.295368138823
-82.25,-50.2295659417357,-36.4615929785663,-16.1203702033785
-82.4166666666667,-50.2473171524093,-36.4512427714559,-16.0815498448662
-82.5833333333333,-50.5251375581049,-36.6674454043878,-16.2114988524949
-82.75,-50.6256606940067,-36.7184883592354,-16.2229750748089
-82.9166666666667,-50.3419506168268,-36.4809067543473,-16.0927527347365
-83.0833333333333,-50.362334660703,-36.4682714867368,-16.0706963459641
-83.25,-50.4391543769048,-36.5760829613147,-16.1981142738345
-83.4166666666667,-50.1654685800598,-36.3559363738095,-16.0796195139159
-83.5833333333333,-50.5110682095195,-36.5828194876561,-16.1721112632165
-83.75,-50.9911931286536,-36.9437861080411,-16.3624232352984
-83.9166666666667,-51.619268281518,-37.4326009242128,-16.6344904615821
-84.0833333333333,-51.5675087542266,-37.4345734810062,-16.6950538789695
-84.25,-51.8318986800735,-37.6556255957121,-16.84638162268
-84.4166666666667,-52.1069485252053,-37.7590619743798,-16.8024673902556
-84.5833333333333,-52.4032365035117,-38.0046185253562,-16.9718609065027
-84.75,-52.8456266627855,-38.4173598548867,-17.285533783974
-84.9166666666667,-53.2319073452956,-38.7523885488843,-17.5359523342953
-85.0833333333333,-53.6393553663872,-39.1249560527077,-17.8208327773775
-85.25,-53.9583170131401,-39.3978743849897,-18.0154157954234
-85.4166666666667,-54.4507620158019,-39.8565030535614,-18.3664496421814
-85.5833333333333,-55.1422211982586,-40.5278977062415,-18.9173652818909
-85.75,-55.8258247640398,-41.1872651565222,-19.4482509480582
-85.9166666666667,-56.3183597476394,-41.653596054735,-19.8081519850978
-86.0833333333333,-56.634368525611,-41.9403853381122,-20.0137850991002
-86.25,-56.9578658527798,-42.2320497570214,-20.2179628363362
-86.4166666666667,-57.205189650147,-42.4430429872907,-20.3533936134091
-86.5833333333333,-57.5341177728441,-42.7377725798407,-20.565933182946
-86.75,-57.9338551803871,-43.1126645773281,-20.8582118369915
-86.9166666666667,-58.2893945640988,-43.4394844698317,-21.1004041199331
-87.0833333333333,-58.6606781376733,-43.7776039043326,-21.3463018991329
-87.25,-59.0043118459207,-44.0894166465895,-21.5697723092856
-87.4166666666667,-59.392858088458,-44.4542159514663,-21.8417960105119
-87.5833333333333,-59.7728418385541,-44.8065523590571,-22.1008946290723
-87.75,-60.1003560931594,-45.1080122541498,-22.320044709135
-87.9166666666667,-60.4344491782012,-45.419931521607,-22.5448020506788
-88.0833333333333,-60.7498802449968,-45.7063689691785,-22.7406570748047
-88.25,-61.0098279476166,-45.9394477797879,-22.8946928403996
-88.4166666666667,-61.2198854199162,-46.1254394932294,-23.0080683301996
-88.5833333333333,-61.3789349750236,-46.2517288840847,-23.0731521103117
-88.75,-61.4660788853963,-46.3079910700704,-23.0887060478882
-88.9166666666667,-61.5429655657874,-46.3477026414724,-23.0880274644604
-89.0833333333333,-61.6099194279423,-46.376778117227,-23.0773000814297
-89.25,-61.6322514993173,-46.3695433652695,-23.0429289464597
-89.4166666666667,-61.7003190694032,-46.4072759857884,-23.052411808791
-89.5833333333333,-61.8013541115655,-46.4798253467789,-23.0767959285665
-89.75,-61.6043597256696,-46.2932301143805,-22.9373217768139
-89.9166666666667,-60.2483265770806,-45.0742222173714,-22.0093813127942
